餐廳名稱,分類,推薦季度,行政區,地址,招牌特色,備註/適合情境
玉井有間冰舖芒果冰,芒果冰,7月 (芒果季),玉井區,台南市玉井區中正路154號,芒果冰磚+芒果雪花冰,芒果故鄉經典名店，7月芒果盛產期人潮極多，建議分流。
玉井冰棧芒果冰,芒果冰,7月 (芒果季),玉井區,台南市玉井區中華路281巷1號,芒果雪花冰,產地現切芒果冰，空間大且好停車，避開市區名店的優質選擇。
玉梅芒果冰,芒果冰,7月 (芒果季),玉井區,台南市玉井區中正路134號,布丁芒果冰,玉井在地老牌冰果室，出餐快速。
熱情小子芒果冰館,芒果冰,7月 (芒果季),玉井區,台南市玉井區中正路139號,芒果雪花冰,農會經營品牌，座位極多，適合多人團體，人流消化快。
玉井芒果冰-遇見果香,芒果冰,7月 (芒果季),玉井區,台南市玉井區憲政街2號,芒果雪花冰,精緻小農風格冰店，品質優良且環境寬敞。
冰鄉,芒果冰,7月 (芒果季),中西區,台南市中西區民生路一段160號,芒果牛奶冰,市區超人氣排隊名店，7月盛產期排隊常達1.5~2小時，建議分流。
台南國華街阿信芒果冰,芒果冰,7月 (芒果季),中西區,台南市中西區國華街三段17-1號,芒果冰磚,位於國華街熱區，建議外帶邊走邊吃以避開排隊。
冰塔職人雪花-府前店,芒果冰,7月 (芒果季),中西區,台南市中西區府前路二段189號,芒果雪花冰,日式精緻雪花冰店，冷氣強，翻桌率高。
甜葉冰舖 O'smooth,芒果冰,7月 (芒果季),中西區,台南市中西區友愛街225號,芒果牛奶冰,友愛街優質冰舖，芒果新鮮，等候時間少，適合做為冰鄉分流方案。
泰成水果店,芒果冰,7月 (芒果季),中西區,台南市中西區正興街80號,傳統芒果冰,正興街觀光熱點，內用座位極少，常需排隊30分鐘以上。
迦南水果店,芒果冰,7月 (芒果季),中西區,台南市中西區南門路185-4號,新鮮芒果冰,老字號學區水果店，除了冰品亦有熱食，翻桌率快，人潮適中。
洛克薩克 Loke Soke,芒果冰,7月 (芒果季),東區,台南市東區長榮路三段36號,剉嘴芒果牛奶雪花冰,成大學區冰店代表，下午茶熱門時段人多，但出餐極快。
冰ク・かき冰,芒果冰,7月 (芒果季),東區,台南市東區崇善路20號,芒果雪花冰,日式高質感刨冰，環境優雅舒適。
美雪冰菓室,芒果冰,7月 (芒果季),東區,台南市東區裕誠街312號,芒果雪花冰,文青風格冰店，內用空間較小。
小北阿松冰品,芒果冰,7月 (芒果季),北區,台南市北區西門路四段101號,布丁芒果冰,小北商場老字號傳統冰店，人潮穩定。
夏綠蒂雪花冰安平店,芒果冰,7月 (芒果季),安平區,台南市安平區慶平路172號,芒果雪花冰,安平運河旁寬敞冰店，避開安平老街爆滿人潮的優良替代點。
南泉冰菓室,芒果冰,7月 (芒果季),安平區,台南市安平區安平路270號,古早味芒果冰,安平運河旁復古名店，假日人潮多，建議引導至夏綠蒂分流。
俗俗賣芒果牛奶冰,芒果冰,7月 (芒果季),安南區,台南市安南區安和路一段59號,芒果牛奶冰,安南區高CP值大份量冰店，免久候。
魏家芒果牛奶冰,芒果冰,7月 (芒果季),仁德區,台南市仁德區仁義路18號,芒果牛奶冰,仁德在地社區型冰店，價格實惠免排隊。
果知青冰舖,芒果冰,7月 (芒果季),新營區,台南市新營區開元路103巷24號,芒果雪花冰,新營在地優質水果冰果室，環境舒適。
田媽媽長盈海味屋,海鮮 / 米其林必比登,8月 (七股海鮮節),北門區,台南市北門區三光里蘆竹溝198號,乾煎魚肚、三杯虱目魚香腸,北門海產名店、濱海深度旅遊行程首選、2025米其林必比登推薦。
東香台菜海味料理,海鮮 / 米其林必比登,8月 (七股海鮮節),安南區,台南市安南區安中路六段217號,台菜海味、古早味辦桌菜,適合家庭與團體大聚餐、2025米其林必比登推薦。
謝掌櫃,海鮮 / 米其林必比登,8月 (七股海鮮節),安平區,台南市安平區運河路23號,虱目魚海鮮粥、海鮮意麵,安平區觀光客友善店家、2025米其林必比登推薦。
阿美深海鮮魚湯,海鮮,8月 (七股海鮮節),安平區,台南市安平區運河路13巷11號,螃蟹粥、野生鮮魚湯,安平清爽早餐或午餐、海鮮食材極新鮮。
養蚵世家,海鮮,8月 (七股海鮮節),安平區,台南市安平區安平路109號,蚵仔煎、炸蚵酥、生蠔,專精蚵仔料理，適合喜歡吃生蠔與煎蚵的遊客。
鹽鄉民宿餐廳,海鮮,8月 (七股海鮮節),北門區,台南市北門區永華里井仔腳36號,無刺虱目魚兩吃、蚵仔麵線,井仔腳鹽田與北門旅遊路線首選美食餐廳。
黃家蝦捲,海鮮 / 傳統小吃 / 米其林必比登,8月 (七股海鮮節),中西區,台南市中西區西和路268號,現炸蝦捲,經典台南小吃、2025米其林必比登推薦。
葉家小卷米粉,海鮮 / 傳統小吃 / 米其林必比登,8月 (七股海鮮節),中西區,台南市中西區國華街二段142號,小卷米粉,國華街人氣爆滿小吃、2025米其林必比登推薦，尖峰需排隊分流。
阿興虱目魚,海鮮 / 傳統小吃 / 米其林必比登,8月 (七股海鮮節),北區,台南市北區公園路439-1號,蒜頭肉絲飯、虱目魚湯,台南在地感早餐首選、2025米其林必比登推薦。
阿星鹹粥,海鮮 / 傳統小吃 / 米其林必比登,8月 (七股海鮮節),中西區,台南市中西區民族路三段289號,虱目魚鹹粥、無刺魚肚湯,傳統台南鹹粥早餐、2025米其林必比登推薦。
大勇街無名鹹粥,海鮮 / 傳統小吃 / 米其林必比登,8月 (七股海鮮節),中西區,台南市中西區大勇街85號,鹹粥、肉燥飯,老派台南早餐代表、2025米其林必比登推薦。
川泰號虱目魚丸,海鮮 / 傳統小吃,8月 (七股海鮮節),中西區,台南市中西區大同路一段222號,虱目魚丸湯、肉燥飯,在地人推薦輕食小吃、虱目魚丸Q彈。
開元紅燒土魠魚羹,海鮮 / 傳統小吃 / 米其林必比登,8月 (七股海鮮節),北區,台南市北區開元路307號,紅燒土魠魚羹,酥炸魚肉極香、2025米其林必比登推薦。
灣裡土魠魚羹,海鮮 / 傳統小吃,8月 (七股海鮮節),南區,台南市南區灣裡路252號,土魠魚羹、火燒蝦仁肉圓,台南南區在地老店代表。
西羅殿牛肉湯,牛肉湯 / 米其林必比登,全年推薦 (四季皆宜),北區,台南市北區公園南路98號,五花牛肉湯、免費附贈肉燥飯,台南知名溫體牛肉湯，2025米其林必比登推薦。
尚好吃牛肉湯,牛肉湯 / 米其林必比登,全年推薦 (四季皆宜),北區,台南市北區北安路一段6號,牛肉湯、肉燥飯,台南老牌牛肉湯代表、2025米其林必比登推薦。
蓮霧腳羊肉湯,羊肉湯 / 米其林必比登,全年推薦 (四季皆宜),中西區,台南市中西區府前路一段159號,當歸羊肉湯、清燉羊肉湯,老字號當歸羊肉，湯頭甘甜、2025米其林必比登推薦。
無名羊肉湯,羊肉湯 / 米其林必比登,全年推薦 (四季皆宜),中西區,台南市中西區府前路二段144號,清燉羊肉湯、麻油羊肉,大菜市傳奇無名羊肉湯，每日限量、2025米其林必比登推薦。
三好一公道當歸鴨,鴨肉 / 米其林必比登,全年推薦 (四季皆宜),中西區,台南市中西區府前路一段85巷14號,當歸鴨麵線、鴨肉切盤,老字號中藥當歸鴨，鴨肉軟嫩、2025米其林必比登推薦。
阿文米粿,米食小吃 / 米其林必比登,全年推薦 (四季皆宜),中西區,台南市中西區保安路74號,招牌乾煎米粿、肉燥米粿,保安路小吃熱區、傳統古法製米粿、2025米其林必比登推薦。
好農家米糕,米食小吃 / 米其林必比登,全年推薦 (四季皆宜),中西區,台南市中西區健康路二段66號,古早味米糕、四神湯,經典古法米糕，魚鬆與肉燥完美契合、2025米其林必比登推薦。
落成米糕,米食小吃 / 米其林必比登,全年推薦 (四季皆宜),中西區,台南市中西區民族路二段241號,古早味米糕、滷四神腸,赤崁樓周邊米糕代表老店、2025米其林必比登推薦。
一味品,米食小吃 / 米其林必比登,全年推薦 (四季皆宜),中西區,台南市中西區國華街三段177號,古早味碗粿、魚羹,國華街人氣碗粿，米香濃郁、2025米其林必比登推薦。
鮮蒸蝦仁肉圓,米食小吃 / 米其林必比登,全年推薦 (四季皆宜),中西區,台南市中西區民權路二段178號,清蒸蝦仁肉圓,清蒸口感不油膩，蝦仁鮮甜、2025米其林必比登推薦。
小公園擔仔麵,麵食 / 米其林必比登,全年推薦 (四季皆宜),中西區,台南市中西區西門路二段321號,擔仔麵、肉燥意麵,西門圓環旁80年老店，經典台南擔仔麵風味、2025米其林必比登推薦。
誠實鍋燒意麵,麵食 / 米其林必比登,全年推薦 (四季皆宜),中西區,台南市中西區西門路一段702巷29號,誠實鍋燒意麵、蛤蜊意麵,湯頭純粹鮮甜，海鮮配料實在、2025米其林必比登推薦。
吃麵吧,麵食 / 米其林必比登,全年推薦 (四季皆宜),中西區,台南市中西區保安路159-1號,炙燒牛舌拌麵、台洋創意麵食,新派台式歐風創意麵食館、2025米其林必比登推薦。
阿美飯店,台菜 / 聚餐 / 米其林必比登,全年推薦 (四季皆宜),中西區,台南市中西區民權路二段98號,砂鍋鴨、經典辦桌菜,百年老字號傳統台菜辦桌經典、2025米其林必比登推薦。
添厚,台菜 / 聚餐 / 米其林必比登,全年推薦 (四季皆宜),中西區,台南市中西區新美街125巷3號,家常台菜、金沙豆腐、香酥鴨,新美街老宅巷弄精緻手作台菜、2025米其林必比登推薦。
福泰飯桌第三代,台菜 / 傳統小吃 / 米其林必比登,全年推薦 (四季皆宜),中西區,台南市中西區民族路二段219號,紅燒魚肉、肉燥飯、各式小菜,台南精緻飯桌文化代表、2025米其林必比登推薦。
筑馨居,台菜 / 聚餐 / 米其林必比登,全年推薦 (四季皆宜),中西區,台南市中西區信義街69號,無菜單古早味台菜料理,清代百年老宅預約制台菜無菜單料理、2025米其林必比登推薦。
麥謎食驗室,台菜 / 麵食 / 米其林必比登,全年推薦 (四季皆宜),中西區,台南市中西區青年路376號,創意實驗麵食、特色小點,前衛創意麵食開發食驗室、2025米其林必比登推薦。
八寶彬圓仔惠,甜品 / 米其林必比登,全年推薦 (四季皆宜),中西區,台南市中西區國華街二段99號,手工湯圓、綜合八寶冰,國華街人氣冰品老字號，手工配料紮實、2025米其林必比登推薦。
博仁堂,甜品 / 藥膳 / 米其林必比登,全年推薦 (四季皆宜),中西區,台南市中西區西門路二段300巷27號,十全大補排骨湯、藥膳八寶茶,老牌中藥行改建，主打溫補藥膳與特色甜品、2025米其林必比登推薦。
